<?xml version="1.0" encoding="utf-8"?>
<layer-list xmlns:android="http://schemas.android.com/apk/res/android">
    <item>
        <shape>
            <padding android:top="2dp" android:right="0dp" android:bottom="0dp" android:left="0dp" />
            <solid android:color="#00DDDDDD" />
        </shape>
    </item>
    <item>
        <shape>
            <padding android:top="2dp" android:right="0dp" android:bottom="3dp" android:left="0dp" />
            <solid android:color="#10DDDDDD" />
        </shape>
    </item>
    <item>
        <shape>
            <padding android:top="2dp" android:right="0dp" android:bottom="0dp" android:left="0dp" />
            <solid android:color="#20DDDDDD" />
        </shape>
    </item>
    <item>
        <shape>
            <padding android:top="2dp" android:right="0dp" android:bottom="0dp" android:left="0dp" />
            <solid android:color="#30DDDDDD" />
        </shape>
    </item>
    <item>
        <shape>
            <padding android:top="2dp" android:right="0dp" android:bottom="0dp" android:left="0dp" />
            <solid android:color="#40DDDDDD" />
        </shape>
    </item>

    <item>
        <shape android:shape="rectangle">
            <solid android:color="@color/colorWhite"></solid>
        </shape>
    </item>
</layer-list>
