{
    "joy": [
        {"title": "Happiness Boost Calming Morning Music Positive Energy - Enhance Positivity Reduce Stress" , "url": "https://firebasestorage.googleapis.com/v0/b/irelief-a20ac.appspot.com/o/happy%2Fmusic%2FHappiness%20Boost%20Calming%20Morning%20Music%20%E2%9A%9B%20Positive%20Energy%20-%20Enhance%20Positivity%20Reduce%20Stress%20%E2%98%85%205.mp3?alt=media&token=0353b56a-77df-484d-a4ad-dcfc71b32226"},
        {"title": "Happy Classical Music" , "url": "https://firebasestorage.googleapis.com/v0/b/irelief-a20ac.appspot.com/o/happy%2Fmusic%2FHappy%20Classical%20Music.mp3?alt=media&token=b4607df2-770a-4b46-9a93-1f75c7472eca"},
        {"title": "Music To Inspire Happiness And Motivation" , "url": "https://firebasestorage.googleapis.com/v0/b/irelief-a20ac.appspot.com/o/happy%2Fmusic%2FMusic%20To%20Inspire%20Happiness%20And%20Motivation.mp3?alt=media&token=096dd07c-490f-4497-a4b7-df3c37ebaef5"}
    ],
    "sad": [
        {"title": "Emotional And Sad Happy Music I Remade", "url": "https://firebasestorage.googleapis.com/v0/b/irelief-a20ac.appspot.com/o/happy%2Fmusic%2FEmotional%20And%20Sad%20%20Happy%20Music%20I%20Remade%20By%20SuNTIMAN%20(No%20Copyright).mp3?alt=media&token=845a7ab7-8e44-4f15-967c-525142de9cf7"},
        {"title": "Happy Sad Piano Music - Forever", "url": "https://firebasestorage.googleapis.com/v0/b/irelief-a20ac.appspot.com/o/happy%2Fmusic%2FHappy%20Sad%20Piano%20Music%20-%20Forever%20%5BCopyright%20Free%20Music%5D.mp3?alt=media&token=b2ef87a8-6e40-479c-bb12-322082b558ee"},
        {"title": "Healing Music for Depression Cure", "url": "https://firebasestorage.googleapis.com/v0/b/irelief-a20ac.appspot.com/o/happy%2Fmusic%2FHealing%20Music%20for%20Depression%20Cure%20-%20Original%20Music%20%5BHD%5D.mp3?alt=media&token=664c0cf6-7a6f-4497-9952-db1296ef7ad0"},
        {"title": "SadHappy Ambient Music - Happy Ending", "url": "https://firebasestorage.googleapis.com/v0/b/irelief-a20ac.appspot.com/o/happy%2Fmusic%2FSadHappy%20Ambient%20Music%20-%20Happy%20Ending%20(Alternate).mp3?alt=media&token=807c02da-f4e0-4ae6-a024-94b63f47218d"}
    ],
    "fear": [
        {"title": "Calm Music to Overcome Fears", "url":"https://firebasestorage.googleapis.com/v0/b/irelief-a20ac.appspot.com/o/happy%2Fmusic%2FCalm%20Music%20to%20Overcome%20Fears%20-%20Becoming%20Self%20Confident.mp3?alt=media&token=af2a5008-d328-4ad2-966d-f00159d44919"},
        {"title": "Fearless Motivation - I Refuse to Surrender", "url":"https://firebasestorage.googleapis.com/v0/b/irelief-a20ac.appspot.com/o/happy%2Fmusic%2FFearless%20Motivation%20-%20I%20Refuse%20to%20Surrender%20-%20Song%20Mix%20(Epic%20Music).mp3?alt=media&token=56cc773f-6a0e-47da-abdc-b3d94d87fd67"},
        {"title": "Music for stress Anxiety relaxation depression isochronic tones for deep tranquil sleep", "url":"https://firebasestorage.googleapis.com/v0/b/irelief-a20ac.appspot.com/o/happy%2Fmusic%2FMusic%20for%20stress%20Anxiety%20relaxation%20depression%20%20isochronic%20tones%20for%20deep%20%20tranquil%20sleep.mp3?alt=media&token=bf4d5bce-0e91-4683-ab1f-d9aff348345e"}
    ],
    "disgust": [
        {"title": "10 Minute Meditation Overcoming Disappointments", "url": "https://firebasestorage.googleapis.com/v0/b/irelief-a20ac.appspot.com/o/happy%2Fmusic%2F10%20Minute%20Meditation%20Overcoming%20Disappointments%20(guided%20relaxation%20meditation%20%40%20Lake%20Mendocino).mp3?alt=media&token=d0d135ac-a6aa-41d9-814b-73d654e1fd06"},
        {"title": "Powerful music to remove negative energy from hone", "url": "https://firebasestorage.googleapis.com/v0/b/irelief-a20ac.appspot.com/o/happy%2Fmusic%2FPOWERFUL%20MUSIC%20TO%20REMOVE%20NEGATIVE%20ENERGY%20FROM%20HOME%20-%20(FEAT%20KHARAHARAPRIYA%20RAAGA%20).mp3?alt=media&token=e36b6be8-bd4c-4102-b1c9-7aebd216bc4d"}
    ],
    "angry": [
        {"title": "Dissolve Your Anger", "url": "https://firebasestorage.googleapis.com/v0/b/irelief-a20ac.appspot.com/o/happy%2Fmusic%2FDissolve%20Your%20Anger%20-%20Subliminal%20Binaural%20Beats%20Meditation%20For%20Anger%20Issues.mp3?alt=media&token=a35ab194-52b5-4d10-b7e1-ea4998c7ec43", "type": "mp3"},
        {"title": "Happy to angry music", "url": "https://firebasestorage.googleapis.com/v0/b/irelief-a20ac.appspot.com/o/happy%2Fmusic%2FHappy%20to%20angry%20music.mp3?alt=media&token=39de5e56-8cc1-4c6e-8ba7-37dd65126202", "type": "mp3"},
        {"title": "Music to Soothe Anger A Touch of Calm", "url": "https://firebasestorage.googleapis.com/v0/b/irelief-a20ac.appspot.com/o/happy%2Fmusic%2FMusic%20to%20Soothe%20Anger%20A%20Touch%20of%20Calm%20-%20Calming%20Peaceful%20Harmony%20Relaxing.mp3?alt=media&token=40a8988a-9b0f-41f0-b109-122c5b7960e2", "type": "mp3"},
        {"title": "Remedy for Anger Irritation ", "url": "https://firebasestorage.googleapis.com/v0/b/irelief-a20ac.appspot.com/o/happy%2Fmusic%2FREMEDY%20for%20ANGER%20%20IRRITATION%20%20INSOMNIA%20RELIEF%20Binaural%20Beats%20Isochronic%20Tones.mp3?alt=media&token=8e1679e0-246c-4c65-a774-68d69bb3f2b1", "type": "mp3"}

    ]
}
