{
    "joy": [
        {"title": "Confidence and joy are the keys to a great sex life", "url": "https://firebasestorage.googleapis.com/v0/b/irelief-a20ac.appspot.com/o/happy%2Fvideos%2FConfidence%20and%20joy%20are%20the%20keys%20to%20a%20great%20sex%20life%20%20Emily%20Nagoski%20%20TEDxUniversityofNevada%20(1).mp4?alt=media&token=a5e29632-33db-4211-b60f-d7185bd8718d   "},
        {"title": "How to be Happy - The Science of Happiness and Feeling Positive in Life", "url": "https://firebasestorage.googleapis.com/v0/b/irelief-a20ac.appspot.com/o/happy%2Fvideos%2FHow%20to%20be%20Happy%20-%20The%20Science%20of%20Happiness%20and%20Feeling%20Positive%20in%20Life.mp4?alt=media&token=2df1eb7f-6b5f-4585-8576-e5e7f3a65f61"},
        {"title": "Meditation to Inner Peace Love and Joy", "url": "https://firebasestorage.googleapis.com/v0/b/irelief-a20ac.appspot.com/o/happy%2Fvideos%2FPragmatic%20Psychology%20%20-%20Bringing%20the%20Joy%20back%20into%20your%20life!%20(1).mp4?alt=media&token=ef2f5b16-318c-4b82-81e5-ede69715436c"},
        {"title": "Pragmatic Psychology - Bringing the Joy back into your life!", "url": "https://firebasestorage.googleapis.com/v0/b/irelief-a20ac.appspot.com/o/happy%2Fvideos%2FPragmatic%20Psychology%20%20-%20Bringing%20the%20Joy%20back%20into%20your%20life!%20(1).mp4?alt=media&token=ef2f5b16-318c-4b82-81e5-ede69715436c"}
    ],
    "sad": [
        {"title": "3 Ways to Control Your Emotion - Motivational Video", "url": "https://firebasestorage.googleapis.com/v0/b/irelief-a20ac.appspot.com/o/happy%2Fvideos%2F3%20Ways%20to%20Control%20Your%20Emotion%20-%20Motivational%20Video.mp4?alt=media&token=9532de75-d77c-4a4e-90b3-c3701e7e081a"},
        {"title": "4 Ways to Stop Feeling Sad", "url": "https://firebasestorage.googleapis.com/v0/b/irelief-a20ac.appspot.com/o/happy%2Fvideos%2F4%20Ways%20to%20Stop%20Feeling%20Sad.mp4?alt=media&token=6a035264-9128-4194-8653-0e33950f562e"},
        {"title": "Cara Delevingnes Powerful Life Advice on Overcoming Depression and Anxiety", "url": "https://firebasestorage.googleapis.com/v0/b/irelief-a20ac.appspot.com/o/happy%2Fvideos%2FCara%20Delevingnes%20Powerful%20Life%20Advice%20on%20Overcoming%20Depression%20and%20Anxiety%20(MUST%20WATCH).mp4?alt=media&token=9b5e49da-ac5d-4caa-9ed3-9e56435489a7"},
        {"title": "You Are Not Depressed Stop It!", "url": "https://firebasestorage.googleapis.com/v0/b/irelief-a20ac.appspot.com/o/happy%2Fvideos%2FYOU%20ARE%20NOT%20DEPRESSED%20STOP%20IT!.mp4?alt=media&token=070749a1-1e6d-4271-9084-fca58d936d33"}
    ],
    "fear": [
        {"title": "5 Tricks for Overcoming Fear", "url": "https://firebasestorage.googleapis.com/v0/b/irelief-a20ac.appspot.com/o/happy%2Fvideos%2F5%20Tricks%20for%20Overcoming%20Fear.mp4?alt=media&token=c924ca8d-9042-4dfc-b8cf-bcef77ac1d05"},
        {"title": "How To Kill Fear In 5 Seconds", "url": "https://firebasestorage.googleapis.com/v0/b/irelief-a20ac.appspot.com/o/happy%2Fvideos%2FHOW%20TO%20KILL%20FEAR%20IN%205%20SECONDS.mp4?alt=media&token=aa6614c9-7c17-4680-8e65-8661a6fd4d65"},
        {"title": "How To Overcome Fear And Anxiety In 30 Seconds", "url": "https://firebasestorage.googleapis.com/v0/b/irelief-a20ac.appspot.com/o/happy%2Fvideos%2FHow%20To%20Overcome%20Fear%20And%20Anxiety%20In%2030%20Seconds.mp4?alt=media&token=708b9e32-c95f-419a-a051-c6c649dbb63e"},
        {"title": "Overcoming Fear", "url": "https://firebasestorage.googleapis.com/v0/b/irelief-a20ac.appspot.com/o/happy%2Fvideos%2FOVERCOMING%20FEAR%20-%20Motivational%20Video.mp4?alt=media&token=c43307a3-e945-4eb4-a57c-11869b080761"}
    ],
    "disgust": [
        {"title": "10 Ways to Improve Your Attitude and Improve Your Life!", "url": "https://firebasestorage.googleapis.com/v0/b/irelief-a20ac.appspot.com/o/happy%2Fvideos%2F10%20Ways%20to%20Improve%20Your%20Attitude%20and%20Improve%20Your%20Life!%20(1).mp4?alt=media&token=d66873ea-82da-4177-b2fc-045f44e4d919"},
        {"title": "Gut Feelings Disgust and Moral Dumbfounding.", "url": "https://firebasestorage.googleapis.com/v0/b/irelief-a20ac.appspot.com/o/happy%2Fvideos%2FGut%20Feelings%20Disgust%20and%20Moral%20Dumbfounding.mp4?alt=media&token=889cb63b-487a-4650-883c-4c6172ee1025"},
        {"title": "How the Feeling of Disgust Went From Life-Saving to Dangerous", "url": "https://firebasestorage.googleapis.com/v0/b/irelief-a20ac.appspot.com/o/happy%2Fvideos%2FHow%20the%20Feeling%20of%20Disgust%20Went%20From%20Life-Saving%20to%20Dangerous%20%E2%80%94%20Gut%20Check.mp4?alt=media&token=c5a20c61-2178-4d6c-a9de-ddd45b460483"},
        {"title": "You look disgusting", "url": "https://firebasestorage.googleapis.com/v0/b/irelief-a20ac.appspot.com/o/happy%2Fvideos%2FYOU%20LOOK%20DISGUSTING.mp4?alt=media&token=9cc80003-d47a-4751-915a-63630ac33a57"}
    ],
    "angry": [
        {"title": "5 Keys to Controlling Anger", "url": "https://firebasestorage.googleapis.com/v0/b/irelief-a20ac.appspot.com/o/happy%2Fvideos%2F5%20Keys%20to%20Controlling%20Anger.mp4?alt=media&token=aea32fe8-92d2-4af4-8130-b9587af7c877", "type": "mp4"},
        {"title": "8 Ways to Overcome Anger", "url": "https://firebasestorage.googleapis.com/v0/b/irelief-a20ac.appspot.com/o/happy%2Fvideos%2F8%20Ways%20to%20Overcome%20Anger.mp4?alt=media&token=e762dfe8-c1bc-4cdd-91c0-1121beda0331", "type": "mp4"},
        {"title": "Anger Management Techniques", "url": "https://firebasestorage.googleapis.com/v0/b/irelief-a20ac.appspot.com/o/happy%2Fvideos%2FAnger%20Management%20Techniques.mp4?alt=media&token=f21104c1-7ee4-4c1d-9401-3d817e1a757d", "type": "mp4"},
        {"title": "How to be Happy", "url": "https://firebasestorage.googleapis.com/v0/b/irelief-a20ac.appspot.com/o/happy%2Fvideos%2FHow%20to%20be%20Happy%20-%20The%20Science%20of%20Happiness%20and%20Feeling%20Positive%20in%20Life%20(1).mp4?alt=media&token=cf84d645-2103-484c-afd8-cb6b4234f425", "type": "mp4"}
    ]
}
